INSERT INTO anuncio (descricao, endereco, id_usuario, titulo_anuncio) VALUES ('Descricao 1', 'Endereco 1', 1, 'Titulo 1');
INSERT INTO anuncio (descricao, endereco, id_usuario, titulo_anuncio) VALUES ('Descricao 2', 'Endereco 2', 2, 'Titulo 2');
INSERT INTO anuncio (descricao, endereco, id_usuario, titulo_anuncio) VALUES ('Descricao 3', 'Endereco 3', 3, 'Titulo 3');
INSERT INTO anuncio (descricao, endereco, id_usuario, titulo_anuncio) VALUES ('Descricao 4', 'Endereco 4', 4, 'Titulo 4');
INSERT INTO anuncio (descricao, endereco, id_usuario, titulo_anuncio) VALUES ('Descricao 5', 'Endereco 5', 5, 'Titulo 5');
INSERT INTO anuncio (descricao, endereco, id_usuario, titulo_anuncio) VALUES ('Descricao 6', 'Endereco 6', 6, 'Titulo 6');
INSERT INTO anuncio (descricao, endereco, id_usuario, titulo_anuncio) VALUES ('Descricao 7', 'Endereco 7', 7, 'Titulo 7');
INSERT INTO anuncio (descricao, endereco, id_usuario, titulo_anuncio) VALUES ('Descricao 8', 'Endereco 8', 8, 'Titulo 8');
INSERT INTO anuncio (descricao, endereco, id_usuario, titulo_anuncio) VALUES ('Descricao 9', 'Endereco 9', 9, 'Titulo 9');
INSERT INTO anuncio (descricao, endereco, id_usuario, titulo_anuncio) VALUES ('Descricao 10', 'Endereco 10', 10, 'Titulo 10');
INSERT INTO anuncio (descricao, endereco, id_usuario, titulo_anuncio) VALUES ('Descricao 11', 'Endereco 11', 11, 'Titulo 11');
INSERT INTO anuncio (descricao, endereco, id_usuario, titulo_anuncio) VALUES ('Descricao 12', 'Endereco 12', 12, 'Titulo 12');
INSERT INTO anuncio (descricao, endereco, id_usuario, titulo_anuncio) VALUES ('Descricao 13', 'Endereco 13', 13, 'Titulo 13');
INSERT INTO anuncio (descricao, endereco, id_usuario, titulo_anuncio) VALUES ('Descricao 14', 'Endereco 14', 14, 'Titulo 14');
INSERT INTO anuncio (descricao, endereco, id_usuario, titulo_anuncio) VALUES ('Descricao 15', 'Endereco 15', 15, 'Titulo 15');
INSERT INTO anuncio (descricao, endereco, id_usuario, titulo_anuncio) VALUES ('Descricao 16', 'Endereco 16', 16, 'Titulo 16');
INSERT INTO anuncio (descricao, endereco, id_usuario, titulo_anuncio) VALUES ('Descricao 17', 'Endereco 17', 17, 'Titulo 17');
INSERT INTO anuncio (descricao, endereco, id_usuario, titulo_anuncio) VALUES ('Descricao 18', 'Endereco 18', 18, 'Titulo 18');
INSERT INTO anuncio (descricao, endereco, id_usuario, titulo_anuncio) VALUES ('Descricao 19', 'Endereco 19', 19, 'Titulo 19');
INSERT INTO anuncio (descricao, endereco, id_usuario, titulo_anuncio) VALUES ('Descricao 20', 'Endereco 20', 20, 'Titulo 20');

INSERT INTO user (created_at, email, password, user_type, username) VALUES ('2023-11-01 10:00:00', 'user1@example.com', 'password1', 'type1', 'user1');
INSERT INTO user (created_at, email, password, user_type, username) VALUES ('2023-11-02 10:00:00', 'user2@example.com', 'password2', 'type2', 'user2');
INSERT INTO user (created_at, email, password, user_type, username) VALUES ('2023-11-03 10:00:00', 'user3@example.com', 'password3', 'type3', 'user3');
INSERT INTO user (created_at, email, password, user_type, username) VALUES ('2023-11-04 10:00:00', 'user4@example.com', 'password4', 'type4', 'user4');
INSERT INTO user (created_at, email, password, user_type, username) VALUES ('2023-11-05 10:00:00', 'user5@example.com', 'password5', 'type5', 'user5');
INSERT INTO user (created_at, email, password, user_type, username) VALUES ('2023-11-06 10:00:00', 'user6@example.com', 'password6', 'type6', 'user6');
INSERT INTO user (created_at, email, password, user_type, username) VALUES ('2023-11-07 10:00:00', 'user7@example.com', 'password7', 'type7', 'user7');
INSERT INTO user (created_at, email, password, user_type, username) VALUES ('2023-11-08 10:00:00', 'user8@example.com', 'password8', 'type8', 'user8');
INSERT INTO user (created_at, email, password, user_type, username) VALUES ('2023-11-09 10:00:00', 'user9@example.com', 'password9', 'type9', 'user9');
INSERT INTO user (created_at, email, password, user_type, username) VALUES ('2023-11-10 10:00:00', 'user10@example.com', 'password10', 'type10', 'user10');
INSERT INTO user (created_at, email, password, user_type, username) VALUES ('2023-11-11 10:00:00', 'user11@example.com', 'password11', 'type11', 'user11');
INSERT INTO user (created_at, email, password, user_type, username) VALUES ('2023-11-12 10:00:00', 'user12@example.com', 'password12', 'type12', 'user12');
INSERT INTO user (created_at, email, password, user_type, username) VALUES ('2023-11-13 10:00:00', 'user13@example.com', 'password13', 'type13', 'user13');
INSERT INTO user (created_at, email, password, user_type, username) VALUES ('2023-11-14 10:00:00', 'user14@example.com', 'password14', 'type14', 'user14');
INSERT INTO user (created_at, email, password, user_type, username) VALUES ('2023-11-15 10:00:00', 'user15@example.com', 'password15', 'type15', 'user15');
INSERT INTO user (created_at, email, password, user_type, username) VALUES ('2023-11-16 10:00:00', 'user16@example.com', 'password16', 'type16', 'user16');
INSERT INTO user (created_at, email, password, user_type, username) VALUES ('2023-11-17 10:00:00', 'user17@example.com', 'password17', 'type17', 'user17');
INSERT INTO user (created_at, email, password, user_type, username) VALUES ('2023-11-18 10:00:00', 'user18@example.com', 'password18', 'type18', 'user18');
INSERT INTO user (created_at, email, password, user_type, username) VALUES ('2023-11-19 10:00:00', 'user19@example.com', 'password19', 'type19', 'user19');
INSERT INTO user (created_at, email, password, user_type, username) VALUES ('2023-11-20 10:00:00', 'user20@example.com', 'password20', 'type20', 'user20');

INSERT INTO pet (data_de_nascimento, id_usuario, nome, observacao, porte, raca) VALUES ('2020-01-01', 1, 'Pet1', 'Observacao1', 'Grande', 'Raca1');
INSERT INTO pet (data_de_nascimento, id_usuario, nome, observacao, porte, raca) VALUES ('2020-02-01', 2, 'Pet2', 'Observacao2', 'Medio', 'Raca2');
INSERT INTO pet (data_de_nascimento, id_usuario, nome, observacao, porte, raca) VALUES ('2020-03-01', 3, 'Pet3', 'Observacao3', 'Pequeno', 'Raca3');
INSERT INTO pet (data_de_nascimento, id_usuario, nome, observacao, porte, raca) VALUES ('2020-04-01', 4, 'Pet4', 'Observacao4', 'Grande', 'Raca4');
INSERT INTO pet (data_de_nascimento, id_usuario, nome, observacao, porte, raca) VALUES ('2020-05-01', 5, 'Pet5', 'Observacao5', 'Medio', 'Raca5');
INSERT INTO pet (data_de_nascimento, id_usuario, nome, observacao, porte, raca) VALUES ('2020-06-01', 6, 'Pet6', 'Observacao6', 'Pequeno', 'Raca6');
INSERT INTO pet (data_de_nascimento, id_usuario, nome, observacao, porte, raca) VALUES ('2020-07-01', 7, 'Pet7', 'Observacao7', 'Grande', 'Raca7');
INSERT INTO pet (data_de_nascimento, id_usuario, nome, observacao, porte, raca) VALUES ('2020-08-01', 8, 'Pet8', 'Observacao8', 'Medio', 'Raca8');
INSERT INTO pet (data_de_nascimento, id_usuario, nome, observacao, porte, raca) VALUES ('2020-09-01', 9, 'Pet9', 'Observacao9', 'Pequeno', 'Raca9');
INSERT INTO pet (data_de_nascimento, id_usuario, nome, observacao, porte, raca) VALUES ('2020-10-01', 10, 'Pet10', 'Observacao10', 'Grande', 'Raca10');
INSERT INTO pet (data_de_nascimento, id_usuario, nome, observacao, porte, raca) VALUES ('2020-11-01', 11, 'Pet11', 'Observacao11', 'Medio', 'Raca11');
INSERT INTO pet (data_de_nascimento, id_usuario, nome, observacao, porte, raca) VALUES ('2020-12-01', 12, 'Pet12', 'Observacao12', 'Pequeno', 'Raca12');
INSERT INTO pet (data_de_nascimento, id_usuario, nome, observacao, porte, raca) VALUES ('2021-01-01', 13, 'Pet13', 'Observacao13', 'Grande', 'Raca13');
INSERT INTO pet (data_de_nascimento, id_usuario, nome, observacao, porte, raca) VALUES ('2021-02-01', 14, 'Pet14', 'Observacao14', 'Medio', 'Raca14');
INSERT INTO pet (data_de_nascimento, id_usuario, nome, observacao, porte, raca) VALUES ('2021-03-01', 15, 'Pet15', 'Observacao15', 'Pequeno', 'Raca15');
INSERT INTO pet (data_de_nascimento, id_usuario, nome, observacao, porte, raca) VALUES ('2021-04-01', 16, 'Pet16', 'Observacao16', 'Grande', 'Raca16');
INSERT INTO pet (data_de_nascimento, id_usuario, nome, observacao, porte, raca) VALUES ('2021-05-01', 17, 'Pet17', 'Observacao17', 'Medio', 'Raca17');
INSERT INTO pet (data_de_nascimento, id_usuario, nome, observacao, porte, raca) VALUES ('2021-06-01', 18, 'Pet18', 'Observacao18', 'Pequeno', 'Raca18');
INSERT INTO pet (data_de_nascimento, id_usuario, nome, observacao, porte, raca) VALUES ('2021-07-01', 19, 'Pet19', 'Observacao19', 'Grande', 'Raca19');
INSERT INTO pet (data_de_nascimento, id_usuario, nome, observacao, porte, raca) VALUES ('2021-08-01', 20, 'Pet20', 'Observacao20', 'Medio', 'Raca20');

INSERT INTO reserva (fim, id_anuncio, inicio, pet_id_pet) VALUES ('2023-11-01 10:00:00', 1, '2023-11-01 08:00:00', 1);
INSERT INTO reserva (fim, id_anuncio, inicio, pet_id_pet) VALUES ('2023-11-02 10:00:00', 2, '2023-11-02 08:00:00', 2);
INSERT INTO reserva (fim, id_anuncio, inicio, pet_id_pet) VALUES ('2023-11-03 10:00:00', 3, '2023-11-03 08:00:00', 3);
INSERT INTO reserva (fim, id_anuncio, inicio, pet_id_pet) VALUES ('2023-11-04 10:00:00', 4, '2023-11-04 08:00:00', 4);
INSERT INTO reserva (fim, id_anuncio, inicio, pet_id_pet) VALUES ('2023-11-05 10:00:00', 5, '2023-11-05 08:00:00', 5);
INSERT INTO reserva (fim, id_anuncio, inicio, pet_id_pet) VALUES ('2023-11-06 10:00:00', 6, '2023-11-06 08:00:00', 6);
INSERT INTO reserva (fim, id_anuncio, inicio, pet_id_pet) VALUES ('2023-11-07 10:00:00', 7, '2023-11-07 08:00:00', 7);
INSERT INTO reserva (fim, id_anuncio, inicio, pet_id_pet) VALUES ('2023-11-08 10:00:00', 8, '2023-11-08 08:00:00', 8);
INSERT INTO reserva (fim, id_anuncio, inicio, pet_id_pet) VALUES ('2023-11-09 10:00:00', 9, '2023-11-09 08:00:00', 9);
INSERT INTO reserva (fim, id_anuncio, inicio, pet_id_pet) VALUES ('2023-11-10 10:00:00', 10, '2023-11-10 08:00:00', 10);
INSERT INTO reserva (fim, id_anuncio, inicio, pet_id_pet) VALUES ('2023-11-11 10:00:00', 11, '2023-11-11 08:00:00', 11);
INSERT INTO reserva (fim, id_anuncio, inicio, pet_id_pet) VALUES ('2023-11-12 10:00:00', 12, '2023-11-12 08:00:00', 12);
INSERT INTO reserva (fim, id_anuncio, inicio, pet_id_pet) VALUES ('2023-11-13 10:00:00', 13, '2023-11-13 08:00:00', 13);
INSERT INTO reserva (fim, id_anuncio, inicio, pet_id_pet) VALUES ('2023-11-14 10:00:00', 14, '2023-11-14 08:00:00', 14);
INSERT INTO reserva (fim, id_anuncio, inicio, pet_id_pet) VALUES ('2023-11-15 10:00:00', 15, '2023-11-15 08:00:00', 15);
INSERT INTO reserva (fim, id_anuncio, inicio, pet_id_pet) VALUES ('2023-11-16 10:00:00', 16, '2023-11-16 08:00:00', 16);
INSERT INTO reserva (fim, id_anuncio, inicio, pet_id_pet) VALUES ('2023-11-17 10:00:00', 17, '2023-11-17 08:00:00', 17);
INSERT INTO reserva (fim, id_anuncio, inicio, pet_id_pet) VALUES ('2023-11-18 10:00:00', 18, '2023-11-18 08:00:00', 18);
INSERT INTO reserva (fim, id_anuncio, inicio, pet_id_pet) VALUES ('2023-11-19 10:00:00', 19, '2023-11-19 08:00:00', 19);
INSERT INTO reserva (fim, id_anuncio, inicio, pet_id_pet) VALUES ('2023-11-20 10:00:00', 20, '2023-11-20 08:00:00', 20);
